series_id,display_name,content_type,genre_normalized,era_bucket,_storyline,_tone,_maturity,_director,_actor,n_episodes_tagged
movie::0000015b-7dba-d482-a3db-ffbb69130000,Bapi Bari Jaa,movie,Romantic,2010s,"['ensemble_multiple_storylines', 'family_conflict', 'self_discovery']","['dramatic', 'emotional', 'heartwarming']","['foul language', 'sexual content']",['Sudeshna Roy'],"['Anindya Chatterjee', 'Arjun Chakrabarty', 'Mimi Chakraborty', 'Shalmi Barman']",1
movie::0000015b-8cc1-d6fc-a95b-dedb66b10000,Rajkahini,movie,Drama,2010s,"['gender_empowerment', 'political_unrest', 'social_injustice', 'survival']","['dramatic', 'intense', 'tragic']","['foul language', 'sexual content', 'substance use', 'violence']",['Srijit Mukherji'],"['Abir Chatterjee', 'Ditipriya Roy', 'Jaya Ahsan', 'Jisshu Sengupta', 'Kaushik Sen', 'Parno Mittra', 'Priyanka Sarkar', 'Rajatava Dutta', 'Ridhima Ghosh', 'Rituparna Sengupta', 'Rudranil Ghosh', 'Saayoni Ghosh', 'Saswata Chatterjee', 'Sohini Sarkar', 'Sudipta Chakraborty']",1
movie::0000015b-8cca-d6e5-ad7b-9fff41a10000,Royal Bengal Rahasya,movie,Detective,2010s,"['crime_investigation', 'murder_mystery']","['mysterious', 'suspenseful', 'tense']",['violence'],['Sandip Ray'],"['Bibhu Bhattacharya', 'Sabyasachi Chakrabarty', 'Shaheb Bhattacharjee']",1
movie::0000015b-9237-d1d7-a37b-d6777f470000,Parbo Na Aami Chartey Toke,movie,Drama,2010s,"['forbidden_love', 'social_injustice']","['bittersweet', 'emotional', 'heartwarming']",['appropriate for age 7 and above'],['Raj Chakraborty'],"['Bonny Sengupta', 'Kharaj Mukherjee', 'Koushani Mukherjee', 'Swastika Dutta']",1
movie::0000015b-923b-d139-afdf-9e3f302d0000,Poran Jaye Jolia Re,movie,Romance,2000s,"['arranged_marriage', 'family_conflict', 'forbidden_love']","['chaotic', 'dramatic', 'emotional']",['appropriate for age 7 and above'],['Rabi Kinagi'],"['Biswajit Chakraborty', 'Dev', 'Laboni Sarkar', 'Subhashree Ganguly', 'Tota Roy Choudhury']",1
movie::0000015b-970d-d770-adff-d78fe59a0000,Premer Kahini,movie,Romance,2000s,"['arranged_marriage', 'forbidden_love', 'love_triangle']","['dramatic', 'emotional', 'heartwarming']",['appropriate for age 7 and above'],['Rabi Kinagi'],"['Dev', 'Jisshu Sengupta', 'Koel Mallick']",1
movie::0000015b-a58b-dadf-a7ff-ad8b57e10000,Jamai 420,movie,Comedy,2010s,"['comedy_of_errors', 'love_triangle', 'mistaken_identity']","['chaotic', 'comedic']","['foul language', 'sexual content', 'substance use']",['Rabi Kinagi'],"['Ankush Hazra', 'Mimi Chakraborty']",1
movie::0000015b-ab83-d139-afdf-afa7efd60000,Golpo Holeo Shotti,movie,Horror,2010s,"['comedy_of_errors', 'ghost_haunting', 'supernatural_threat']","['comedic', 'eerie', 'suspenseful']","['foul language', 'frightening scenes', 'violence']",['Birsa Dasgupta'],"['Mimi Chakraborty', 'Soham Chakraborty']",1
movie::0000015b-ab84-d429-af7b-ebff85c90000,Goynar Baksho,movie,Drama,2010s,"['family_conflict', 'gender_empowerment', 'ghost_haunting', 'supernatural_threat']","['comedic', 'empowering', 'heartwarming']","['foul language', 'sexual content']",['Aparna Sen'],"['Aparajita Adhya', 'Konkona Sen Sharma', 'Moushumi Chatterjee', 'Paran Bandopadhyay', 'Saswata Chatterjee', 'Srabanti Chatterjee']",1
movie::0000015b-b2ab-d01e-a37f-feff6b0d0000,Chokher Bali,movie,Drama,2000s,"['betrayal', 'deception_disguise', 'extramarital_affair', 'love_triangle']","['dark', 'dramatic', 'tragic']",['sexual content'],['Rituparno Ghosh'],"['Aishwarya Rai Bachchan', 'Prosenjit Chatterjee', 'Raima Sen', 'Tota Roy Choudhury']",1
movie::0000015b-b2ac-d76f-afdf-f6bc0a7a0000,Cholo Paltai,movie,Sports,2010s,"['domestic_conflict', 'family_conflict', 'reconciliation', 'self_discovery']","['emotional', 'heartwarming']",['appropriate for age 7 and above'],['Haranath Chakraborty'],"['Aryann Bhowmik', 'Prosenjit Chatterjee', 'Rajatava Dutta', 'Tathoi Deb']",1
movie::0000015b-b2bd-d66c-a97b-ffbff3820000,Chander Pahar,movie,Adventure,2010s,"['life_threat', 'self_discovery', 'survival']","['intense', 'suspenseful']",['appropriate for age 7 and above'],['Kamaleswar Mukherjee'],"['Dev', 'Gerard Rudolf', 'Laboni Sarkar']",1
movie::0000015b-b2c0-d01e-a37f-feff7def0000,Chitrangada - The Crowning Wish,movie,Drama,2010s,"['gender_empowerment', 'self_discovery']","['dramatic', 'emotional']","['sexual content', 'substance use']",['Rituparno Ghosh'],"['Jisshu Sengupta', 'Raima Sen']",1
movie::0000015b-b670-d403-a95b-bef3bf190000,Bandhan,movie,Romance,2000s,"['family_conflict', 'family_secrets', 'forbidden_love', 'mistaken_identity']","['dramatic', 'emotional', 'mysterious']",['appropriate for age 7 and above'],['Rabi Kinagi'],"['Jeet', 'Koel Mallick']",1
movie::0000015b-b670-d705-addb-ff7f09620000,Baishe Srabon,movie,Thriller,2010s,"['betrayal', 'crime_investigation', 'murder_mystery']","['dark', 'suspenseful', 'tense']","['foul language', 'sexual content', 'substance use', 'violence']",['Srijit Mukherji'],"['Abir Chatterjee', 'Parambrata Chattopadhyay', 'Prosenjit Chatterjee', 'Raima Sen']",1
movie::0000015b-e6c4-de67-ad7b-e7cd63050000,Kelor Kirti,movie,Comedy,2010s,"['comedy_of_errors', 'deception_disguise', 'ensemble_multiple_storylines', 'family_secrets']","['chaotic', 'comedic']",['suitable for all ages'],['Raja Chanda'],"['Ankush Hazra', 'Dev', 'Jisshu Sengupta', 'Koushani Mukherjee', 'Mimi Chakraborty', 'Nussrat Jahan', 'Sayantika Banerjee']",1
movie::0000015b-e925-dbfd-a9db-e9f784940000,Gangster,movie,Crime,2010s,"['betrayal', 'life_threat', 'reconciliation']","['dramatic', 'emotional', 'tense']","['foul language', 'violence']",['Birsa Dasgupta'],"['Gaurav Chakrabarty', 'Mimi Chakraborty', 'Saurav Das', 'Shantilal Mukherjee', 'Yash Dasgupta']",1
movie::0000015e-9bb6-dfab-addf-fbbe0cdb0000,Ogo Badhu Sundari,movie,Comedy,1980s,"['comedy_of_errors', 'self_discovery']","['comedic', 'heartwarming']",['suitable for all ages'],['Salil Datta'],"['Moushumi Chatterjee', 'Santosh Dutta', 'Uttam Kumar']",1
movie::0000015f-2bd3-d1a3-a3ff-7bfb91640000,Hrid Majharey,movie,Romance,2010s,"['betrayal', 'love_triangle', 'manipulation']","['dramatic', 'tense', 'tragic']",['foul language'],['Ranjan Ghosh'],"['Abir Chatterjee', 'Arun Mukherjee', 'Raima Sen']",1
movie::0000015f-2bdb-d1a3-a3ff-7bfb09a00000,Utsab,movie,Drama,2000s,"['ensemble_multiple_storylines', 'family_conflict', 'family_rivalry', 'family_secrets']","['dramatic', 'mysterious', 'tense']",['sexual content'],['Rituparno Ghosh'],"['Arpita Chatterjee', 'Madhabi Mukherjee', 'Mamata Shankar', 'Prosenjit Chatterjee', 'Ratul Shankar', 'Rituparna Sengupta']",1
movie::0000015f-2bdd-d1a3-a3ff-7bffdde50000,Titli,movie,Drama,2000s,"['family_secrets', 'self_discovery']","['bittersweet', 'dramatic', 'emotional']",['appropriate for age 7 and above'],"['Aparna Sen', 'Rituparno Ghosh']","['Konkona Sen Sharma', 'Mithun Chakraborty']",1
movie::0000015f-59fb-de9c-afff-dfffbfef0000,Khoj,movie,Crime,2010s,"['cover_up', 'crime_investigation', 'deception_disguise', 'missing_person']","['mysterious', 'suspenseful', 'tense']","['sexual content', 'violence']",['Arka Ganguly'],"['Shataf Figar', 'Vikram Chatterjee']",1
movie::0000015f-83ed-d6c1-a57f-97ef91e50000,Bunohaansh,movie,Thriller,2010s,"['midlife_crisis', 'self_discovery']","['dramatic', 'tense']","['foul language', 'sexual content', 'substance use', 'violence']",['Aniruddha Roy Chowdhury'],"['Dev', 'Srabanti Chatterjee', 'Tnusree C']",1
movie::0000015f-9257-d6c1-a57f-967fd03f0000,Bagh Bondi Khela,movie,Drama,1970s,"['betrayal', 'family_conflict', 'reconciliation']","['dramatic', 'emotional']",['appropriate for age 7 and above'],['Piyush Bose'],"['Partha Mukherjee', 'Supriya Devi', 'Uttam Kumar']",1
movie::0000015f-9258-d6c1-a57f-967f9ff90000,Banku babu,movie,Comedy,2010s,"['comedy_of_errors', 'domestic_conflict', 'family_conflict']","['chaotic', 'comedic', 'heartwarming']",['appropriate for age 7 and above'],['Anindya Bikash Dutta'],"['Arjun Chakrabarty', 'Laboni Sarkar', 'Saswata Chatterjee']",1
movie::0000015f-925c-d6c1-a57f-967f2c970000,Dhanni Meye,movie,Comedy,1970s,"['comedy_of_errors', 'family_rivalry']",['comedic'],['suitable for all ages'],['Arabinda Mukhopadhyay'],"['Jaya Bachchan', 'Sabitri Chatterjee', 'Uttam Kumar']",1
movie::0000015f-925d-d6c1-a57f-967f9d0b0000,Half Serious,movie,Comedy,2010s,"['domestic_conflict', 'gender_empowerment', 'social_injustice']","['comedic', 'empowering']",['appropriate for age 7 and above'],['Utsav Mukherjee'],"['Ridhima Ghosh', 'Roopa Ganguly', 'Silajit Majumder']",1
movie::0000015f-9260-d6c1-a57f-966fbc140000,Mastermasai,movie,Drama,2000s,"['self_discovery', 'unlikely_friendship']","['emotional', 'heartwarming']",['appropriate for age 7 and above'],['Abhijit Sen'],"['Chiranjeet Chakrabarti', 'Indrani Haldar', 'Victor Banerjee']",1
movie::0000015f-9261-d6c1-a57f-966fecc20000,Mon Churi,movie,Comedy,2010s,"['comedy_of_errors', 'deception_disguise', 'heist', 'scam_con']","['chaotic', 'comedic']",['appropriate for age 7 and above'],['Premasish Dey'],"['Biswanath Basu', 'Kharaj Mukherjee', 'Saswata Chatterjee']",1
movie::0000015f-ceb1-db97-a7ff-ffbb84c00000,Chotushkone,movie,Thriller,2010s,"['betrayal', 'deception_disguise', 'ensemble_multiple_storylines']","['dark', 'mysterious', 'tense']","['foul language', 'sexual content', 'substance use', 'violence']","['Aparna Sen', 'Goutam Ghose', 'Srijit Mukherji']","['Chiranjeet Chakrabarti', 'Indrasish Roy', 'Kaushik Ganguly', 'Paayel Sarkar', 'Parambrata Chattopadhyay', 'Rahul Arunoday Banerjee']",1
movie::0000015f-ceba-d283-a5ff-dfbf52290000,Jaatishwar,movie,Musical Drama,2010s,"['mistaken_identity', 'self_discovery']","['dramatic', 'mysterious']",['appropriate for age 7 and above'],['Srijit Mukherji'],"['Jisshu Sengupta', 'Prosenjit Chatterjee', 'Swastika Mukherjee']",1
movie::0033a9f4-ac4c-41ee-b4f8-5700c930478a,Robibarer Pujor Bazar,movie,Comedy,2020s,"['comedy_of_errors', 'domestic_conflict']","['comedic', 'heartwarming']",['suitable for all ages'],['Sayantan Dhara'],"['Bhaskar Mukherjee', 'Chirantan Dasgupta', 'Ishita Das', 'Joysree Dasgupta', 'Naren Bhattachajee', 'Sisir Moitra', 'Sohom Kar', 'Somashri Bhattacharya', 'Sujata Lala', 'Sunanda Paul']",1
movie::0119bc86-156a-4922-a414-149622bb7125,Dugga,movie,Drama,2020s,"['midlife_crisis', 'self_discovery']","['dramatic', 'emotional', 'tense']",['violence'],['Anuraag Pati'],"['Annie Sen', 'Ashok Maharana', 'Joy Sengupta', 'Pratyusha', 'Sumit Halder']",1
movie::024b93b7-c73f-4149-87b9-267ae06136c3,Chaplin,movie,Drama,2010s,"['class_divide', 'self_discovery']","['emotional', 'heartwarming', 'uplifting']",['appropriate for age 7 and above'],['Anindo Banerjee'],"['Rudranil Ghosh', 'Soham Maitra']",1
movie::04294447-59ab-43e6-a287-0470c72ddd75,Cheeni,movie,Drama,2020s,"['family_conflict', 'family_secrets', 'reconciliation']","['dramatic', 'emotional']",['appropriate for age 7 and above'],['Mainak Bhaumik'],"['Aparajita Adhya', 'Madhumita Sarcar', 'Saurav Das']",1
movie::089ba8fa-8b44-4fba-a72a-07253752b3ac,Jamai Bodol,movie,Drama,2020s,"['comedy_of_errors', 'deception_disguise', 'family_conflict', 'in_law_tension']","['comedic', 'dramatic']",['suitable for all ages'],['Sayantan Dhara'],"['Bhaskar Banerjee', 'Debojyoti Roy', 'Soumi Chakraborty', 'Swati Mukherjee']",1
movie::08ea5ab5-96d3-4a93-b173-26bec50c744f,Ekannoborti,movie,Drama,2020s,"['ensemble_multiple_storylines', 'family_conflict', 'family_secrets', 'reconciliation']","['bittersweet', 'emotional', 'heartwarming']",['foul language'],['Mainak Bhaumik'],"['Alokananda Roy', 'Ananya Sen', 'Aparajita Adhya', 'Sauraseni Maitra']",1
movie::0a92ea46-f432-49ef-ac54-84c083d5e424,Bornoporichoy,movie,Thriller,2010s,"['cover_up', 'crime_investigation', 'murder_mystery']","['mysterious', 'suspenseful', 'tense']","['foul language', 'substance use', 'violence']",[],"['Abir Chatterjee', 'Jisshu Sengupta', 'Priyanka Sarkar']",1
movie::0b025d63-8ee7-4cd3-9ecf-501f865f0c0f,Jhilli,movie,Drama,2020s,"['class_divide', 'self_discovery', 'survival']","['bittersweet', 'dramatic']","['alcohol', 'foul language', 'mature themes', 'smoking']",['Ishaan Ghose'],"['Aranya Gupta', 'Bitan Biswas', 'Sayandeep Guha', 'Sombhunath De', 'Sourav Nayak']",1
movie::0dd48e8c-a3d2-4a83-9320-8766bb1447bb,Brombhodoityo,movie,Horror,2020s,"['curse_ritual', 'life_threat', 'supernatural_threat']","['dark', 'eerie', 'ominous']","['foul language', 'frightening scenes', 'violence']",['Abhirup Ghosh'],"['Anindya Chatterjee', 'Rudranil Ghosh', 'Saayoni Ghosh', 'Soumalya Dutta', 'Souman Bose', 'Sourav Saha']",1
movie::0eee06a2-d330-4408-b00a-efffbbd5446c,The Eken: Kerala-e Kurukshetra (Film),movie,Detective,2020s,"['comedy_of_errors', 'crime_investigation', 'kidnapping']","['comedic', 'mysterious']",['appropriate for age 7 and above'],['Joydeep Mukherjee'],"['Anirban Chakrabarti', 'Somak Ghosh', 'Suhotra Mukhopadhyay']",1
movie::100b7e64-9cd8-4158-a73d-9f88b39fd809,Window Connection,movie,Psychological Thriller,2010s,"['deception_disguise', 'life_threat', 'manipulation']","['dark', 'suspenseful', 'tense']","['alcohol', 'foul language', 'sexual content', 'smoking', 'violence']",['Raj Kumar Gupta'],"['Aryann Bhowmik', 'Tnusree C']",1
movie::10c0f240-d026-4ada-a885-0a7c3ff962fd,Abby Sen,movie,Science Fiction,2010s,"['midlife_crisis', 'self_discovery']","['bittersweet', 'dramatic', 'mysterious']",['appropriate for age 7 and above'],"['Atanu Ghosh', 'Bratya Basu']","['Abir Chatterjee', 'Arunima Ghosh', 'Bhaswar Chatterjee', 'Biswanath Basu', 'Chiranjeet Chakrabarti', 'Kanchan Mullick', 'Kharaj Mukherjee', 'Neel Mukherjee', 'Paran Bandopadhyay', 'Priyanka Sarkar', 'Raima Sen']",1
movie::1354a8d9-4834-4fb1-9a8d-e28c46e2464d,Gumnaami (Hindi),movie,Mystery,2010s,"['cover_up', 'missing_person', 'political_unrest']","['dramatic', 'mysterious', 'suspenseful']",['appropriate for age 7 and above'],['Srijit Mukherji'],"['Akshay Kapoor', 'Anirban Bhattacharya', 'Biplab Dasgupta', 'Prantik Banerjee', 'Prosenjit Chatterjee', 'Sanjay Gurbaxani', 'Satyam Bhattacharya', 'Shibashish Bandopadhyay', 'Shyamal Chakraborty', 'Surendra Rajan', 'Tanusree Chakraborty']",1
movie::14046aaa-9648-4cc8-8b39-cb2e5df29ce0,Laboratory (Hindi),movie,Period Drama,2020s,"['arranged_marriage', 'family_conflict', 'gender_empowerment']","['dramatic', 'emotional']",['mature themes'],['Soumik Chattopadhyay'],"['Anirban Bhattacharya', 'Darshana Banik', 'Kaushik Sen', 'Nandini Ghoshal']",1
movie::143e1816-eb4b-4f22-bc98-584cc7b6e854,Crisscross,movie,Social Drama,2010s,"['ensemble_multiple_storylines', 'gender_empowerment', 'social_injustice', 'survival']","['dramatic', 'empowering', 'intense']","['foul language', 'sexual content', 'substance use', 'violence']",['Birsa Dasgupta'],"['Gaurav Chakrabarty', 'Jaya Ahsan', 'Mimi Chakraborty', 'Nussrat Jahan', 'Priyanka Sarkar', 'Sohini Sarkar']",1
movie::1517a88d-0e70-4bc2-adca-5658f8c32966,Borunbabur Bondhu,movie,Drama,2010s,"['family_conflict', 'self_discovery', 'unlikely_friendship']","['comedic', 'emotional', 'heartwarming']",['appropriate for age 7 and above'],['Anik Dutta'],"['Kaushik Sen', 'Paran Bandopadhyay', 'Ritwick Chakraborty', 'Soumitra Chatterjee']",1
movie::1589644a-7647-4ca0-9ba4-0b57454347da,Kathbirali,movie,Romance,2020s,"['life_threat', 'love_triangle', 'unlikely_friendship']","['dramatic', 'emotional', 'tense']",['appropriate for age 7 and above'],['Niamul Mukta'],"['A K Azad Shetu', 'Asaduzzaman Abir', 'Hindol Roy', 'Orchita Sporshia', 'Sayed Zaman Shawon', 'Shahriar Ferdous Sazeeb', 'Tasnim']",1
movie::16d45482-cc7c-4aa7-a1bc-121505ff3030,Ghar Ghar Ki Kahaani (Hindi),movie,Drama,2020s,"['ensemble_multiple_storylines', 'family_conflict', 'family_rivalry', 'family_secrets']","['dramatic', 'emotional', 'tense']",['appropriate for age 7 and above'],['Ashfaque Nipun'],"['Runa Khan', 'Saberi Alam', 'Sabila Nur', 'Sayed Babu', 'Shamol Mawla', 'Tariq Anam Khan', 'Yash Rohan']",1
movie::188f68e0-a19f-41c8-b3d2-49727ce63384,Durga Sohay,movie,Drama,2010s,"['class_divide', 'deception_disguise', 'self_discovery']","['emotional', 'uplifting']","['alcohol', 'foul language', 'smoking', 'violence']",['Arindam Sil'],"['Anirban Bhattacharya', 'Indrasish Roy', 'Kaushik Sen', 'Sohini Sarkar', 'Tnusree C']",1
movie::1acbfc72-b8e0-4d01-bd5e-c02c123a8b24,Tangra Blues,movie,Drama,2020s,"['class_divide', 'self_discovery', 'unlikely_friendship']","['emotional', 'heartwarming', 'uplifting']","['foul language', 'violence']",['Supriyo Sen'],"['Madhumita Sarcar', 'Parambrata Chattopadhyay']",1
movie::1ade5ee8-9eb1-44e4-a7d6-1e5f84c406f9,Dutta Vs Dutta,movie,Drama,2010s,"['family_conflict', 'political_unrest', 'self_discovery']","['dramatic', 'emotional', 'tense']","['foul language', 'sexual content', 'substance use', 'violence']",['Anjan Dutt'],['Ronodeep Bose'],1
movie::1de3d2ec-9459-4a8f-8643-f7ea775bc089,Family Album,movie,Drama,2010s,"['betrayal', 'deception_disguise', 'family_conflict', 'family_secrets']","['dark', 'dramatic', 'tense']","['foul language', 'sexual content', 'substance use']",['Mainak Bhaumik'],"['Paoli Dam', 'Ranodeep Bose', 'Riya Sen', 'Swastika Mukherjee']",1
movie::1e3141f3-4b60-4216-a627-5076a3c12db1,Tirandaj Shabor,movie,Mystery,2020s,"['crime_investigation', 'murder_mystery']","['mysterious', 'suspenseful', 'tense']","['foul language', 'sexual content', 'violence']",['Arindam Sil'],"['Chandan Sen', 'Devlina Kumar', 'Nigel Akkara', 'Saswata Chatterjee', 'Subhrajit Dutta']",1
movie::228f1b12-f316-45bb-b2c0-3808c6de051f,Synthetic Sati,movie,Drama,2010s,"['self_discovery', 'supernatural_threat']","['dark', 'eerie', 'mysterious']","['foul language', 'sexual content']",['Rishav Ghosh'],"['Gargee Banerjee', 'Kheya Chattopadhyay', 'Prantik Banerjee', 'Sauraseni Maitra', 'Suvosmita Mukherjee']",1
movie::27692f21-df3b-46b8-808f-af39d95bc76d,Happy Pill,movie,Drama,2010s,"['reconciliation', 'self_discovery']","['emotional', 'heartwarming', 'uplifting']",['suitable for children 7 and above and under parental guidance for persons under age of 7'],['Mainak Bhaumik'],"['Mir Afsar Ali', 'Parno Mittra', 'Ritwick Chakraborty', 'Sohini Sarkar']",1
movie::2d1ccaf5-7268-4ce8-b811-d9a1b61e7712,Bhaaratey Bibhraat,movie,Comedy,2020s,"['comedy_of_errors', 'deception_disguise', 'domestic_conflict']","['chaotic', 'comedic']",['suitable for all ages'],['Sayantan Dhara'],"['Rajnandini Paul', 'Rishav Basu']",1
movie::33507de3-3679-4fcd-98d4-8e4a12d5a730,Saptadingar Guptodhon,movie,Adventure,2020s,"['heist', 'life_threat']","['suspenseful', 'tense']",['suitable for all ages'],['Dhrubo Banerjee'],"['Abir Chatterjee', 'Arjun Chakrabarty', 'Ishaa Saha', 'Kaushik Ganguly', 'Rajatava Dutta']",1
movie::35420743-08e0-48ca-b014-0f0eac6d5571,Ranna Baati,movie,Drama,2020s,"['family_conflict', 'reconciliation', 'self_discovery']","['emotional', 'heartwarming']","['alcohol', 'foul language', 'smoking']",['Pratim D Gupta'],"['Anirban Chakrabarti', 'Barun Chanda', 'Ida Dasgupta', 'Ritwick Chakraborty', 'Sohini Sarkar', 'Solanki Roy']",1
movie::36e9bb32-0a01-4b54-9588-a20c940c1e12,Tarikh,movie,Drama,2010s,"['extramarital_affair', 'family_conflict', 'love_triangle']","['dramatic', 'emotional', 'tragic']",['foul language'],[],"['Churni Ganguly', 'Raima Sen', 'Ritwick Chakraborty', 'Saswata Chatterjee']",1
movie::385b9330-463e-4048-9f4e-01171c25b9d1,Boitarani,movie,Drama,2020s,"['forbidden_love', 'self_discovery']","['dramatic', 'mysterious']",['suitable for children and persons of all ages'],['Anindya Dutta'],['Soumitra Chatterjee'],1
movie::395f12ea-2669-43b6-ab23-3088e7f61647,Kedara,movie,Drama,2010s,"['midlife_crisis', 'self_discovery', 'unlikely_friendship']","['bittersweet', 'emotional', 'heartwarming']","['foul language', 'violence']",[],"['Bidipta Chakraborty', 'Indranil Roy', 'Joydeep Kundu', 'Kaushik Ganguly', 'Moushumi Sanyal Dasgupta', 'Rudranil Ghosh']",1
movie::3cbda02a-742e-43fc-8655-e175a25af4d8,Detective,movie,Detective,2020s,"['comedy_of_errors', 'crime_investigation', 'mistaken_identity']","['chaotic', 'comedic']",['appropriate for age 7 and above'],['Joydeep Mukherjee'],"['Ambarish Bhattacharya', 'Anirban Bhattacharya', 'Ishaa Saha', 'Shaheb Bhattacharjee', 'Trina Saha']",1
movie::4005160b-122f-464a-b57f-2b9aa955e604,Prem Tame,movie,Romantic Comedy,2020s,"['comedy_of_errors', 'love_triangle', 'unlikely_friendship']","['bittersweet', 'comedic', 'heartwarming']","['foul language', 'sexual content']",[],"['Anindo Chatterjee', 'Shweta Mishra', 'Soumya Mukherjee', 'Susmita Chatterjee']",1
movie::409102db-3265-48d8-8120-e49f783f4dc7,Bhooter Bhabishyat,movie,Horror Comedy,2010s,"['comedy_of_errors', 'ensemble_multiple_storylines', 'ghost_haunting', 'supernatural_threat']","['comedic', 'eerie']",['foul language'],['Anik Dutta'],"['Mir Afsar Ali', 'Parambrata Chattopadhyay', 'Paran Bandopadhyay', 'Sabyasachi Chakrabarty', 'Samadarshi Dutta', 'Saswata Chatterjee', 'Swastika Mukherjee']",1
movie::426b8ae0-3559-48e3-a7f0-e04f6571a8e4,Ekshathe Alada,movie,Drama,2020s,"['domestic_conflict', 'family_conflict', 'reconciliation']","['dramatic', 'emotional']","['alcohol', 'foul language', 'smoking']",['Rezaur Rahman'],"['Deepa Khandakar', 'Parsa Evana', 'Rosey Siddique', 'Tariq Anam Khan', 'Tushar Khan', 'Yash Rohan']",1
movie::429e6022-c297-4f61-8bd8-4866382fc99b,Shantilal O Projapoti Rohoshyo,movie,Thriller,2010s,"['cover_up', 'crime_investigation', 'deception_disguise', 'political_unrest']","['mysterious', 'suspenseful']","['foul language', 'sexual content', 'substance use', 'violence']","['Goutam Ghose', 'Pratim D Gupta']","['Akshay Kapoor', 'Alakananda Ray', 'Ambarish Bhattacharya', 'Chitrangada Chakraborty', 'Paoli Dam', 'Ritwick Chakraborty', 'Sanghasri Sinha']",1
movie::45233eb4-9ef4-4422-a688-1bc54ac227c2,Datta,movie,Period Drama,2020s,"['arranged_marriage', 'family_conflict', 'love_triangle']","['bittersweet', 'dramatic', 'emotional']",['suitable for all ages'],['Nirmal Chakravarty'],"['Biswajit Chakraborty', 'Devlina Kumar', 'Joy Sengupta', 'Rituparna Sengupta', 'Shaheb Chattopadhyay']",1
movie::46f5968b-0032-45b9-9945-ebdf0f9ebe6e,Rajlokhi O Srikanto,movie,Drama,2010s,"['betrayal', 'forbidden_love', 'love_triangle']","['bittersweet', 'dramatic', 'emotional']","['foul language', 'sexual content', 'substance use', 'violence']",['Pradipta Bhattacharya'],"['Aparajita Ghosh Das', 'Jyotika Jyoti', 'Rahul Arunoday Banerjee', 'Ritwick Chakraborty', 'Sayan Ghosh']",1
movie::49eb1927-df47-47d6-8b80-f497a2603510,Patalghor,movie,Science Fiction,2000s,"['deception_disguise', 'heist']","['mysterious', 'suspenseful']",['appropriate for age 7 and above'],['Abhijit Chowdhury'],"['Kharaj Mukherjee', 'Ramaprasad Banik', 'Soumitra Chatterjee', 'Sourav Bandopadhyay']",1
movie::4c03bdd0-838a-4678-997a-99a5b9829180,Punashcha,movie,Drama,1960s,"['domestic_conflict', 'gender_empowerment', 'social_injustice']","['dramatic', 'emotional', 'tense']",['appropriate for age 7 and above'],['Mrinal Sen'],"['Kanika Majumdar', 'Pahari Sanyal', 'Soumitra Chatterjee']",1
movie::4c2d0fe1-61af-4d9b-9e49-dc9508b5ed8a,Bony,movie,Sci-Fi Thriller,2020s,"['cover_up', 'life_threat', 'manipulation', 'survival']","['dark', 'suspenseful', 'tense']",['suitable for all ages'],[],"['Koel Mallick', 'Parambrata Chattopadhyay']",1
movie::52ef4eb5-d3e5-47df-89d7-81afba28d42d,Madhusundari Debi Redirection,movie,Action,2020s,"['comedy_of_errors', 'reconciliation']","['comedic', 'heartwarming']",['suitable for children and persons of all ages'],['Rabi Kinagi'],"['Jeet', 'Kharaj Mukherjee', 'Sayantika']",1
movie::53f7ee39-1ac7-4775-a20a-145d0963aaad,Dilkhush,movie,Romantic Drama,2020s,"['comedy_of_errors', 'ensemble_multiple_storylines', 'mistaken_identity']","['chaotic', 'comedic']","['alcohol', 'foul language', 'mature themes', 'smoking', 'violence']",['Rahool Mukherjee'],"['Aishwarya Sen', 'Anashua Majumdar', 'Aparajita Adhya', 'Kharaj Mukherjee', 'Madhumita Sarcar', 'Paran Bandopadhyay', 'Soham Majumdar', 'Ujan Chatterjee']",1
movie::58176475-9d01-46c8-a7dd-a144f2e22006,Love Aaj Kal Porshu,movie,Romance,2020s,"['deception_disguise', 'mistaken_identity', 'self_discovery']","['bittersweet', 'emotional', 'mysterious']",['sexual content'],['Pratim D Gupta'],"['Anindita Bose', 'Anirban Chakrabarti', 'Arjun Chakrabarty', 'Madhumita Sarcar', 'Paoli Dam']",1
movie::59fbf5e6-37bd-4aa1-b5a3-505278a4b837,Chuhe Dani (Hindi),movie,Drama,2020s,"['cover_up', 'deception_disguise', 'domestic_conflict']","['dark', 'ominous', 'tense']","['domestic violence', 'violence']",['Sudipto Roy'],['Swastika Mukherjee'],1
movie::5db8d743-5402-45cc-a67c-d7bcd5d6821a,Ekti Tarar Khonje,movie,Drama,2010s,"['self_discovery', 'survival']","['bittersweet', 'dramatic', 'emotional']","['foul language', 'substance use', 'violence']","['Abhik Mukhopadhyay', 'Aniruddha Roy Chowdhury']","['Arpita Chatterjee', 'Dhritiman Chatterjee', 'Shayan Munshi']",1
movie::5e76d4dc-0ecd-4589-8bdb-7eb363dc020b,Amar Geeti,movie,Musical Drama,1980s,"['reconciliation', 'self_discovery']","['dramatic', 'emotional']",['substance use'],['Tarun Majumdar'],"['Biswajit Chatterjee', 'Rabi Ghosh', 'Sandhya Roy', 'Soumitra Chatterjee']",1
movie::5ec23bf8-6a0b-4f05-9f98-d0b2f8bba04b,X=Prem,movie,Romantic,2020s,"['love_triangle', 'reconciliation', 'self_discovery']","['bittersweet', 'dramatic', 'emotional']","['alcohol', 'foul language', 'sexual content', 'smoking']",['Srijit Mukherji'],"['Anindya Sengupta', 'Arjun Chakrabarty', 'Madhurima Basak', 'Shruti Das']",1
movie::6111c33b-8da0-4e42-9498-15334649ddd2,Pujo'r Pleasant Surprise,movie,Romantic Comedy,2020s,"['comedy_of_errors', 'domestic_conflict', 'family_conflict']","['comedic', 'heartwarming']",['suitable for all ages'],['Sayantan Dhara'],"['Biswabijay Duttachowdhury', 'Ditipriya Roy', 'Ratnottoma Sengupta', 'Saurav Das']",1
movie::61f48684-d0f2-4aa1-a0ac-0c351280f19d,Bawchhor Kuri Pawr,movie,Mystery,2010s,"['family_secrets', 'self_discovery']","['mysterious', 'tense']","['foul language', 'violence']",['Avijit Sardar'],"['Biswarup Chattopadhyay', 'Navil Singh', 'Rudranil Ghosh', 'Tuhina Das']",1
movie::63140a71-1adc-482b-b36f-86268e15f3bf,Uttarayan,movie,Drama,1960s,"['life_threat', 'political_unrest', 'survival']","['dramatic', 'intense', 'tragic']",['suitable for all ages'],['Agradoot'],"['Supriya Devi', 'Uttam Kumar']",1
movie::654b358b-7b80-4c99-a38e-8440c3c18a38,Ghore Pherar Pala,movie,Drama,2020s,"['family_conflict', 'reconciliation']","['dramatic', 'emotional', 'heartwarming']",['suitable for all ages'],['Sayantan Dhara'],"['Alivia Sarkar', 'Rajdeep Gupta', 'Sourav Ghosh', 'Swati Mukherjee']",1
movie::67689ac9-8bd0-4894-b877-70d6acb3b9df,Bonolota Express,movie,Comedy,2020s,"['comedy_of_errors', 'ensemble_multiple_storylines', 'forbidden_love']","['chaotic', 'comedic']","['alcohol', 'mature themes', 'smoking']",['Tanim Noor'],"['Azmeri Haque Badhon', 'Chanchal Chowdhury', 'Intekhab Dinar', 'Mosharraf Karim', 'Sabila Nur', 'Sariful Razz', 'Shamima Nazneen', 'Shamol Mawla', 'Zakia Bari Mamo']",1
movie::682f4d65-9753-467c-9e50-7856b432e270,Hothat Nirar Jonyo,movie,Drama,2000s,"['betrayal', 'domestic_conflict', 'extramarital_affair']","['dramatic', 'emotional', 'tense']",['sexual content'],"['Arindam Sil', 'Subrata Sen']","['Bickram Ghosh', 'Jaya Seal Ghosh']",1
movie::6b0fd662-447f-4cf5-bba7-34165711e93d,Bhaggyolokkhi,movie,Thriller,2020s,"['cover_up', 'life_threat', 'murder_mystery']","['suspenseful', 'tense']","['alcohol', 'gore', 'mature themes', 'smoking', 'violence']",['Mainak Bhaumik'],"['Judhajit Sarkar', 'Loknath Dey', 'Ritwick Chakraborty', 'Solanki Roy', 'Sujan Mukherjee', 'Swastika Dutta']",1
movie::6b54a0ee-0ad0-48a6-916a-66402bed6470,Kakababur Protyaborton,movie,Adventure Drama,2020s,"['crime_investigation', 'life_threat', 'missing_person', 'survival']","['intense', 'suspenseful', 'tense']",['suitable for all ages'],['Srijit Mukherji'],"['Anirban Chakrabarti', 'Aryann Bhowmik', 'Prosenjit Chatterjee']",1
movie::6f743c4c-7faa-47e2-a231-29f32b285765,Bolo Dugga Maiki,movie,Romance,2010s,"['comedy_of_errors', 'family_conflict', 'mistaken_identity', 'reconciliation']","['comedic', 'heartwarming']",['violence'],['Raj Chakraborty'],"['Ankush Hazra', 'Nussrat Jahan']",1
movie::71521ecc-9f00-49f1-a3f8-b80c75071b47,"Baba, Baby O",movie,Drama,2020s,"['family_conflict', 'midlife_crisis', 'self_discovery']","['bittersweet', 'emotional']",['suitable for all ages'],['Aritra Mukherjee'],"['Gourab Chatterjee', 'Jisshu Sengupta', 'Mainak Banerjee', 'Solanki Roy']",1
movie::72208784-81c6-4026-868b-b121c55e2365,Sunayani,movie,Drama,1970s,"['class_divide', 'forbidden_love']","['dramatic', 'emotional', 'heartwarming']",['violence'],['Sukhen Das'],"['Shakuntala Barua', 'Subhendu Chattopadhyay', 'Uttam Kumar']",1
movie::7598e820-b7f9-4812-857b-4cb1ae1e2ff4,Buro Sadhu,movie,Psychological Drama,2010s,"['family_conflict', 'reconciliation', 'self_discovery']","['dramatic', 'emotional', 'tragic']","['foul language', 'substance use']",['VIK'],"['Chiranjeet Chakrabarti', 'Ishaa Saha', 'Ritwick Chakraborty']",1
movie::793eb88c-25ec-4c89-8fda-220256592320,Kuler Achaar,movie,Social Drama,2020s,"['family_conflict', 'gender_empowerment', 'in_law_tension', 'social_injustice']","['chaotic', 'dramatic', 'empowering']",['suitable for all ages'],['Sudeep Das'],"['Indrani Haldar', 'Madhumita Sarcar', 'Sujan Mukherjee', 'Vikram Chatterjee']",1
movie::79e9f538-a9d8-437c-bdf9-5b8d417f76ab,Bibi Payra,movie,Comedy,2020s,"['comedy_of_errors', 'gender_empowerment', 'scam_con']","['chaotic', 'comedic', 'empowering']","['alcohol', 'foul language', 'smoking', 'violence']",['Arjunn Dutta'],"['Anindya Sengupta', 'Anirban Chakrabarti', 'Loknath Dey', 'Paoli Dam', 'Subrat Dutta', 'Swastika Mukherjee']",1
movie::7c373760-6cc6-4d71-9afc-123b0a0e9ac9,Prof. Shanku O El Dorado,movie,Science Fiction,2010s,"['life_threat', 'survival']","['mysterious', 'suspenseful', 'tense']",['appropriate for age 7 and above'],['Sandip Ray'],"['Dhritiman Chatterji', 'Jacqueline Mazarella', 'Ratan Sarkhel', 'Ricardo Dantas', 'Subhasish Mukhopadhyay']",1
movie::7eaec61f-66bd-47cd-8e81-2b471d17c191,Me vs You (Hindi),movie,Romance,2010s,"['forbidden_love', 'reconciliation']","['bittersweet', 'dramatic', 'emotional']",['sexual content'],['Mainak Bhaumik'],"['Priyanka Sarkar', 'Rahul Arunoday Banerjee']",1
movie::7eea26d8-6f98-47d3-882e-d94f5ee76533,Detective (Hindi),movie,Thriller,2020s,"['comedy_of_errors', 'crime_investigation', 'deception_disguise']","['chaotic', 'comedic']",['suitable for all ages'],['Joydeep Mukherjee'],"['Ambarish Bhattacharya', 'Anirban Bhattacharya', 'Ishaa Saha', 'Shaheb Bhattacharjee']",1
movie::7fe739bc-ba1e-4f81-8a77-c84b8ed5e461,Bonolota Express (2026),movie,Comedy,2020s,"['comedy_of_errors', 'ensemble_multiple_storylines', 'forbidden_love']","['chaotic', 'comedic']","['alcohol', 'mature themes', 'smoking']",['Tanim Noor'],"['Azmeri Haque Badhon', 'Chanchal Chowdhury', 'Intekhab Dinar', 'Mosharraf Karim', 'Sabila Nur', 'Sariful Razz', 'Shamima Nazneen', 'Shamol Mawla', 'Zakia Bari Mamo']",1
movie::80e6f69f-7705-46f8-a839-ce725474471d,Bhuto Purbo,movie,Horror,2020s,"['cover_up', 'deception_disguise', 'ghost_haunting', 'supernatural_threat']","['dark', 'eerie', 'mysterious']","['alcohol', 'frightening scene', 'smoking', 'violence']","['Avinab Mukherjee', 'Kakoli Ghosh']","['Amrita Chattopadhyay', 'Biswajit Chakraborty', 'Rupanjana Mitra', 'Sandipta Sen', 'Saptarshi Maulik', 'Satyam Bhattacharya', 'Suhotra Mukhopadhyay']",1
movie::8105b267-3e29-43d7-a51d-beaf8d07c94c,Shibpur,movie,Thriller Drama,2020s,"['crime_investigation', 'missing_person', 'murder_mystery', 'political_unrest']","['mysterious', 'suspenseful', 'tense']","['foul language', 'mature themes', 'violence']",['Arindam Bhattacharya'],"['Kharaj Mukherjee', 'Parambrata Chattopadhyay', 'Rajatava Dutta', 'Susmita Chatterjee', 'Swastika Mukherjee']",1
movie::812fe6ef-25a1-4ef1-b8b1-18103c3a81f0,Bishorjon,movie,Drama,2010s,"['forbidden_love', 'social_injustice']","['bittersweet', 'dramatic', 'tense']","['foul language', 'sexual content', 'violence']",[],"['Abir Chatterjee', 'Jaya Ahsan', 'Kaushik Ganguly']",1
movie::816c5104-1d0f-4470-a1b0-97e5682c4bc1,Hushhh (Hindi),movie,Horror,2020s,"['crime_investigation', 'ghost_haunting', 'missing_person', 'supernatural_threat']","['eerie', 'mysterious', 'suspenseful']",['frightening scene'],['Rick Basu'],"['Moinaak', 'Parno Mittra']",1
movie::837f6ff3-d3aa-4d23-ac3a-9ae69a5a1b88,Tasher Ghawr,movie,Drama,2020s,"['cover_up', 'deception_disguise', 'domestic_conflict']","['dark', 'ominous', 'tense']",['violence'],['Sudipto Roy'],['Swastika Mukherjee'],1
movie::84eb4e6f-bed8-40eb-b949-70582c080da5,Ballabhpurer Roopkotha,movie,Horror Comedy,2020s,"['comedy_of_errors', 'curse_ritual', 'ghost_haunting']","['comedic', 'eerie']",['suitable for all ages'],[],"['Anirban Bhattacharya', 'Debraj Bhattacharya', 'Jhulan Bhattacharya', 'Satyam Bhattacharya', 'Surangana Bandopadhyay']",1
movie::87223a0b-e92b-4265-a368-6e7c35db0982,Koshtoneer,movie,Drama,2020s,"['ensemble_multiple_storylines', 'family_conflict', 'family_rivalry', 'family_secrets']","['dramatic', 'emotional', 'tense']",['appropriate for age 7 and above'],['Ashfaque Nipun'],"['Runa Khan', 'Saberi Alam', 'Sabila Nur', 'Sayed Babu', 'Shamol Mawla', 'Tariq Anam Khan', 'Yash Rohan']",1
movie::89120663-4e83-4703-8d3c-61063d1c701b,Tushagni,movie,Thriller,2010s,"['crime_investigation', 'kidnapping', 'life_threat']","['intense', 'suspenseful', 'tense']",['violence'],['Rana Banerjee'],"['Amrita Chattopadhyay', 'Arjun Chakrabarty', 'Debesh Roy Chowdhury', 'Soma Chakraborty']",1
movie::8b33b678-d080-47a7-b8af-2310368e7ae5,Patro Chai,movie,Romantic,2020s,"['arranged_marriage', 'comedy_of_errors', 'gender_empowerment']","['comedic', 'heartwarming']",['suitable for all ages'],['Sayantan Dhara'],"['Rajdeep Gupta', 'Srijla Guha']",1
movie::9110fa48-c3a7-47f0-b5d5-2b42fd45964c,Chirodiner,movie,Romantic Drama,1960s,"['forbidden_love', 'reconciliation']","['bittersweet', 'dramatic', 'emotional']",['suitable for all ages'],['Agradoot'],"['Gita Dey', 'Supriya Devi', 'Uttam Kumar']",1
movie::94b0e5a6-d04d-4889-873b-82571aeeefd7,Bird of Dusk,movie,Documentary,2010s,"['gender_empowerment', 'self_discovery', 'social_injustice']","['dramatic', 'emotional']",['suitable for all ages'],"['Aparna Sen', 'Sangeeta Datta']","['Arjun Rampal', 'Dorrothy Wenner', 'Jisshu Sengupta', 'Kaushik Ganguly', 'Konkona Sen Sharma', 'Nandita Das', 'Prosenjit Chatterjee', 'Ranjan Bose', 'Sharmila Tagore', 'Soumitra Chatterjee']",1
movie::95c6432e-04b7-4a6e-ba4f-65bd3281ec4a,Prem Perfume,movie,Romance,2020s,"['family_conflict', 'family_rivalry', 'forbidden_love']","['dramatic', 'emotional', 'heartwarming']",['suitable for all ages'],['Sayantan Dhara'],"['Alivia Sarkar', 'Aryann Bhowmik']",1
movie::9a6ffd64-db1f-458f-ae58-07fc2a420e66,Ek Tuku Chhoa Lage,movie,Romantic Comedy,1970s,"['love_triangle', 'unlikely_friendship']","['bittersweet', 'comedic', 'heartwarming']",['suitable for all ages'],['Kamal Majumdar'],"['Azra', 'Biswajit Chatterjee', 'Chandrima Bhaduri', 'Kishore Kumar', 'Raka Bhaduri', 'Samar Chattopadhyay']",1
movie::9abde444-80b0-4135-aabb-40f5de678161,Bhoot Chaturdashi,movie,Horror Drama,2010s,"['curse_ritual', 'ghost_haunting', 'supernatural_threat', 'survival']","['eerie', 'ominous', 'tense']","['foul language', 'frightening scenes', 'violence']",['Shabbir Mallick'],"['Aryann Bhowmik', 'Deepsheta Mitra', 'Ena Saha', 'Soumendra Bhattacharya']",1
movie::a2fdbc9a-f67b-4aba-8949-de847a443c03,Karnasubarner Guptodhon,movie,Adventure,2020s,"['crime_investigation', 'ensemble_multiple_storylines', 'life_threat']","['intense', 'suspenseful']",['suitable for all ages'],['Dhrubo Banerjee'],"['Abir Chatterjee', 'Arjun Chakrabarty', 'Ishaa Saha', 'Rajatava Dutta', 'Saurav Das']",1
movie::a8181eea-f982-4ad0-adfe-a64c98d861d0,Pratidwandi,movie,Thriller,2020s,"['crime_investigation', 'kidnapping', 'murder_mystery']","['mysterious', 'suspenseful', 'tense']","['foul language', 'substance use', 'violence']",['Saptaswa Basu'],"['Rudranil Ghosh', 'Saayoni Ghosh', 'Saswata Chatterjee', 'Saurav Das']",1
movie::aadf2ba0-8c64-47e7-bfa8-1738f378c4a5,Dracula Sir,movie,Drama,2020s,"['forbidden_love', 'political_unrest', 'supernatural_threat']","['bittersweet', 'dramatic', 'eerie']","['foul language', 'violence']",['Debaloy Bhattacharya'],"['Anirban Bhattacharya', 'Bidipta Chakraborty', 'Mimi Chakraborty']",1
movie::ab60bc90-adf0-4f30-bca8-e717b4878cc4,Nil Nirjane,movie,Romance,2000s,"['family_conflict', 'forbidden_love', 'self_discovery']","['bittersweet', 'dramatic', 'emotional']",['sexual content'],['Subrata Sen'],"['June Malia', 'Moon Moon Sen', 'Raima Sen', 'Rajatava Dutta']",1
movie::abbe0a00-20d8-4677-98d9-adcce49c4a23,Generation Aami,movie,Drama,2010s,"['domestic_conflict', 'family_conflict', 'self_discovery']","['dramatic', 'emotional']","['foul language', 'smoking', 'substance use', 'suicide']",['Mainak Bhaumik'],"['Aparajita Adhya', 'Rwitobroto Mukherjee', 'Sauraseni Maitra']",1
movie::ad75f850-2793-4dfe-a232-01bffbaaa33c,Sahaj Paather Gappo,movie,Drama,2010s,"['class_divide', 'family_conflict', 'survival']","['bittersweet', 'dramatic', 'emotional']",['suitable for all ages'],['Manas Mukul Pal'],"['Nur Islam', 'Samiul Alam', 'Sneha Biswas']",1
movie::afcf5358-85d4-469f-8fb9-3f00d2c25df6,Shororipu 2 : Jotugriho,movie,Detective,2020s,"['crime_investigation', 'family_secrets', 'murder_mystery']","['mysterious', 'suspenseful', 'tense']","['alcohol', 'domestic violence', 'foul language', 'sexual assault', 'smoking', 'violence']",['Ayan Chakraborti'],"['Arunima Ghosh', 'Chiranjeet Chakrabarti', 'Darshana Banik', 'Rajesh Sharma', 'Saswata Chatterjee']",1
movie::b075c71e-c62a-4634-9f70-514580db95b1,Hiralal,movie,Drama,2010s,"['self_discovery', 'social_injustice']","['dramatic', 'tragic', 'uplifting']",['appropriate for age 7 and above'],['Arun Roy'],"['Anuska Chakraborty', 'Kharaj Mukherjee', 'Kinjal Nanda', 'Saswata Chatterjee']",1
movie::b0a1a05d-0654-4fc3-bcc1-14000a1067c6,Belashuru,movie,Drama,2020s,"['family_conflict', 'reconciliation', 'self_discovery']","['bittersweet', 'emotional', 'heartwarming']",['suitable for all ages'],"['Nandita Roy', 'Shiboprosad Mukherjee']","['Aparajita Adhya', 'Indrani Dutta', 'Kaushik Sen', 'Kharaj Mukherjee', 'Monami Ghosh', 'Rituparna Sengupta', 'Shankar Chakraborty', 'Soumitra Chatterjee', 'Swatilekha Sengupta']",1
movie::b478f6f3-fe22-4e4c-be9e-28c30a56f3a6,Durgeshgorer Guptodhon,movie,Adventure,2010s,"['heist', 'life_threat']","['suspenseful', 'tense']",['appropriate for age 7 and above'],['Dhrubo Banerjee'],"['Abir Chatterjee', 'Anindo Chatterjee', 'Arjun Chakrabarty', 'Aryann Bhowmik', 'Ishaa Saha', 'June Malia']",1
movie::b4da0dd0-42d8-451d-a270-069c95bc7eca,Hawa Bodol,movie,Drama,2010s,"['comedy_of_errors', 'mistaken_identity', 'self_discovery', 'unlikely_friendship']","['chaotic', 'comedic']","['foul language', 'sexual content', 'substance use', 'violence']",[],"['Parambrata Chattopadhyay', 'Raima Sen', 'Rudranil Ghosh']",1
movie::b9aebd8a-42eb-4965-8dc6-81e8459b2d2f,Golondaaj,movie,Sports Drama,2020s,"['class_divide', 'political_unrest', 'social_injustice']","['dramatic', 'empowering', 'uplifting']",['suitable for all ages'],['Dhrubo Banerjee'],"[""Alexx O'Nell"", 'Anirban Bhattacharya', 'Dev', 'Ishaa Saha']",1
movie::bbafd59a-54aa-4fde-9b63-66c92c0db681,Byomkesh Hotyamancha,movie,Murder Mystery,2020s,"['crime_investigation', 'murder_mystery', 'political_unrest']","['mysterious', 'suspenseful', 'tense']","['foul language', 'sexual content', 'violence']",['Arindam Sil'],"['Abir Chatterjee', 'Arna Mukhopadhyay', 'Kinjal Nanda', 'Paoli Dam', 'Sohini Sarkar', 'Suhotra Mukhopadhyay']",1
movie::bbcd857a-f35f-46bc-860a-dee5e7b0c42a,No Dorai,movie,Sports Drama,2010s,"['class_divide', 'gender_empowerment', 'social_injustice']","['dramatic', 'empowering', 'uplifting']","['foul language', 'violence']",['Taneem Rahman Angshu'],"['Sariful Razz', 'Sayed Babu', 'Sunerah Binte Kamal', 'Wasim Sitar Liyakat']",1
movie::bdce100b-05a7-444a-9790-8bb5b93d3426,Shaheb Bibi Golaam,movie,Thriller,2010s,"['domestic_conflict', 'love_triangle', 'social_injustice']","['dramatic', 'emotional', 'tense']","['foul language', 'sexual content', 'substance use', 'violence']","['Anjan Dutt', 'Pratim D Gupta']","['Parno Mittra', 'Ritwick Chakraborty', 'Swastika Mukherjee', 'Vikram Chatterjee']",1
movie::be0c91aa-7443-44ad-a163-51f6cc96983d,Tea Time (Hindi),movie,Romance,2010s,"['ensemble_multiple_storylines', 'reconciliation']","['bittersweet', 'emotional', 'heartwarming']",['appropriate for age 7 and above'],"['Debaloy Bhattacharya', 'Mainak Bhaumik', 'Pathikrit Basu']","['Amrita Chattopadhyay', 'Aparajita Adhya', 'Rajdeep Gupta', 'Rupankar Bagchi', 'Saayoni Ghosh', 'Sampurna Lahiri', 'Saurav Das']",1
movie::be38f50f-c20d-45a0-bead-e5707477ee6a,Abar Bibaho Obhijaan,movie,Comedy,2020s,"['comedy_of_errors', 'deception_disguise', 'scam_con', 'unlikely_friendship']","['chaotic', 'comedic']",['suitable for all ages'],['Soumik Haldar'],"['Anirban Bhattacharya', 'Ankush Hazra', 'Nusraat Faria', 'Priyanka Sarkar', 'Rudranil Ghosh', 'Sohini Sarkar']",1
movie::c3fc85f9-1f3f-4aaa-a082-e7e2ab66f108,Ek Je Chhilo Raja,movie,Drama,2010s,"['deception_disguise', 'family_secrets', 'legal_case_trial', 'mistaken_identity']","['dramatic', 'mysterious', 'tense']","['foul language', 'sexual content', 'substance use', 'violence']",['Srijit Mukherji'],"['Anirban Bhattacharya', 'Jaya Ahsan', 'Jisshu Sengupta']",1
movie::c9b34d76-8fb4-4400-86cd-15df4edfe500,Gumnaami,movie,Mystery Drama,2010s,"['cover_up', 'missing_person', 'political_unrest']","['dramatic', 'mysterious', 'tense']",['appropriate for age 7 and above'],['Srijit Mukherji'],"['Akshay Kapoor', 'Anirban Bhattacharya', 'Biplab Dasgupta', 'Prantik Banerjee', 'Prosenjit Chatterjee', 'Sanjay Gurbaxani', 'Satyam Bhattacharya', 'Shibashish Bandopadhyay', 'Shyamal Chakraborty', 'Surendra Rajan', 'Tanusree Chakraborty']",1
movie::cfe7e148-9600-49a2-832f-269003bb5681,Dwitiyo Purush,movie,Thriller,2020s,"['betrayal', 'crime_investigation', 'murder_mystery']","['dark', 'suspenseful', 'tense']","['foul language', 'sexual content', 'substance use', 'violence']",['Srijit Mukherji'],"['Anirban Bhattacharya', 'Babul Supriyo', 'Gaurav Chakrabarty', 'Parambrata Chattopadhyay', 'Raima Sen', 'Ridhima Ghosh']",1
movie::d10e7a6c-d9c5-4edd-a669-26d5be208ddb,Lawho Gouranger Naam Rey,movie,Drama,2020s,"['ensemble_multiple_storylines', 'missing_person', 'self_discovery']","['dramatic', 'mysterious']","['alcohol', 'foul language', 'mature themes', 'smoking', 'suicide']","['Bratya Basu', 'Srijit Mukherji']","['Dibyojyoti Dutta', 'Indraneil Sengupta', 'Ishaa Saha', 'Jisshu Sengupta', 'Subhashree Ganguly']",1
movie::d49eb2a3-b829-4f7c-b719-0623150cbd54,Hobu Chandra Raja Gobu Chandra Mantri,movie,Fantasy,2020s,"['deception_disguise', 'manipulation', 'political_unrest', 'scam_con']","['chaotic', 'comedic']",['suitable for all ages'],['Aniket Chattopadhyay'],"['Arpita Chatterjee', 'Kharaj Mukherjee', 'Saswata Chatterjee', 'Subhasish Mukhopadhyay']",1
movie::d6402424-0176-4647-9427-13a9d1985187,Bariwali,movie,Drama,2000s,"['forbidden_love', 'midlife_crisis', 'self_discovery']","['bittersweet', 'emotional']","['foul language', 'mature themes', 'sexual content']",['Rituparno Ghosh'],"['Chiranjeet Chakrabarti', 'Kirron Kher', 'Roopa Ganguly', 'Sudipta Chakraborty']",1
movie::d7e395bc-0586-43e5-a491-a2abdb801920,The Parcel,movie,Drama,2010s,"['cover_up', 'deception_disguise', 'family_secrets']","['mysterious', 'suspenseful', 'tense']",['violence'],[],"['Anindya Chatterjee', 'Indrasis Acharya', 'Rituparna Sengupta', 'Saswata Chatterjee']",1
movie::dc7ea2e6-f8db-4471-a3d6-121e348ca4f9,Offline,movie,Drama,2010s,"['deception_disguise', 'manipulation']","['dark', 'mysterious', 'tense']",['appropriate for age 7 and above'],['Rajkumar Adhikary'],"['Farhan Imroz', 'Sairity Banerjee']",1
movie::dd9f8076-bd44-4d2a-9cdd-8bfe2c817504,I am Joyita,movie,Documentary,2020s,"['gender_empowerment', 'self_discovery', 'social_injustice']","['emotional', 'empowering', 'uplifting']","['foul language', 'sexual content']",['Soumya Sengupta'],['Joyita Mandal'],1
movie::de615b51-d80e-4db8-9af1-fdc557e26421,Uma,movie,Drama,2010s,"['life_threat', 'self_discovery']","['emotional', 'heartwarming', 'tragic']","['foul language', 'violence']","['Anjan Dutt', 'Srijit Mukherji']","['Anirban Bhattacharya', 'Jisshu Sengupta', 'Rudranil Ghosh', 'Sara Sengupta', 'Srabanti Chatterjee']",1
movie::e037ae82-1c0a-4fbb-9da0-899fa29cacfc,Palok,movie,Drama,2020s,"['betrayal', 'domestic_conflict', 'gender_empowerment']","['emotional', 'empowering', 'tragic']",['suitable for children and persons of all ages'],['Ratool Mukherjee'],"['Rupanjana Mitra', 'Saswata Chatterjee']",1
movie::e07a6f19-6ec4-4e6b-99ef-1e9ea746dad8,Sin Sister,movie,Murder Mystery,2020s,"['deception_disguise', 'manipulation', 'mistaken_identity', 'murder_mystery']","['dark', 'mysterious', 'suspenseful']","['foul language', 'sexual content', 'substance use', 'violence']","['Shubhabrata Chatterjee', 'Tathagata Mukherjee']","['Ashima Chakraborty', 'Debleena Dutt', 'Madhumita Gupta', 'Preetam Ganguly', 'Rupankar Bagchi', 'Tuhina Das', 'Vivaan Ghosh']",1
movie::e57a373e-0e71-45cd-8e72-5fb419ccbb75,The Eken,movie,Detective,2020s,"['comedy_of_errors', 'crime_investigation', 'murder_mystery']","['comedic', 'mysterious', 'suspenseful']",['appropriate for age 7 and above'],['Joydeep Mukherjee'],"['Anirban Chakrabarti', 'Debasish Mondal', 'Paayel Sarkar', 'Somak Ghosh', 'Suhotra Mukhopadhyay']",1
movie::e9db61b2-e9ab-4f0b-8905-ba6a04c6ed5a,Guptodhoner Sondhane,movie,Adventure,2010s,"['heist', 'life_threat']","['suspenseful', 'tense']",['suitable for all ages'],['Dhrubo Banerjee'],"['Abir Chatterjee', 'Arjun Chakrabarty', 'Ishaa Saha', 'Rajatava Dutta']",1
movie::ea1580dd-9eba-4162-be6f-f8ac0bddf5f2,Ghawre Bairey Aaj,movie,Political Drama,2010s,"['class_divide', 'extramarital_affair', 'love_triangle', 'political_unrest']","['dramatic', 'emotional', 'tense']","['foul language', 'sexual content', 'substance use', 'violence']",['Aparna Sen'],"['Anirban Bhattacharya', 'Jisshu Sengupta', 'Rwitobroto Mukherjee', 'Sreenanda Shankar', 'Tuhina Das']",1
movie::efa1d489-9aa2-458e-898e-f5034cb448ab,Nagarkirtan,movie,Drama,2010s,"['class_divide', 'forbidden_love', 'gender_empowerment', 'social_injustice']","['dramatic', 'emotional', 'tragic']","['foul language', 'sexual content', 'substance use', 'violence']",[],"['Bidipta Chakraborty', 'Kaushik Ganguly', 'Riddhi Sen', 'Ritwick Chakraborty', 'Sujan Mukherjee']",1
movie::f0fb272a-4839-4f34-9707-c8f241e1c066,Bhagwan Sri Krishna Chaitanya,movie,Devotional,1950s,"['reconciliation', 'self_discovery']","['emotional', 'heartwarming', 'uplifting']",['suitable for all ages'],['Debaki Bose'],"['Basanta Choudhury', 'Pahari Sanyal', 'Suchitra Sen']",1
movie::f86f4dd3-4a0f-4662-9ccc-bfffae2c55ca,Rawkto Rawhoshyo,movie,Thriller,2020s,"['family_secrets', 'life_threat', 'missing_person']","['mysterious', 'suspenseful', 'tense']",['appropriate for age 7 and above'],['Soukarya Ghosal'],"['Chandan Roy Sanyal', 'Koel Mallick', 'Rwitobroto Mukherjee']",1
movie::fa19a274-a7f8-455c-9f2a-6d470bc0ac1e,Nishipadma,movie,Drama,1970s,"['betrayal', 'extramarital_affair', 'social_injustice']","['dramatic', 'emotional', 'tragic']",['violence'],['Arabinda Mukhopadhyay'],"['Anup Kumar', 'Sabitri Chatterjee', 'Uttam Kumar']",1
movie::fae2aecf-fc77-411b-8f3d-91e633694d51,Cheeni 2,movie,Comedy Drama,2020s,"['domestic_conflict', 'family_conflict', 'self_discovery']","['dramatic', 'emotional', 'heartwarming']",['appropriate for age 7 and above'],['Mainak Bhaumik'],"['Aparajita Adhya', 'Lily Chakravarty', 'Madhumita Sarcar', 'Pinky Banerjee', 'Soumya Mukherjee']",1
movie::fc07756a-feb3-4cf2-a433-fe0ab96434a5,Akash Kusum,movie,Drama,1960s,"['class_divide', 'deception_disguise', 'mistaken_identity']","['bittersweet', 'dramatic', 'tense']",['appropriate for age 7 and above'],"['Aparna Sen', 'Mrinal Sen']","['Soumitra Chatterjee', 'Subhendu Chattopadhyay']",1
movie::fd319be9-d35c-4c21-88d1-394cf3684914,Bhasan,movie,Drama,2020s,"['forbidden_love', 'reconciliation']","['bittersweet', 'emotional', 'heartwarming']",['appropriate for age 7 and above'],['Trisha Nandi'],"['Shabnam Mustafi', 'Swades Ganguly']",1
struct::0036224c-3cd3-4359-a9fa-9b99a2d65f49,Mission Huntdown Season 1,series,Thriller,2020s,"['betrayal', 'crime_investigation', 'espionage_undercover', 'fugitive_manhunt', 'life_threat', 'missing_person', 'murder_mystery', 'terrorism']","['dark', 'intense', 'suspenseful', 'tense']","['foul language', 'mature themes', 'smoking', 'violence']","['Faisal Ahmed', 'Sunny Sanwar']","['AK Azad Shetu', 'Bidya Sinha Saha Mim', 'FS Nayeem', 'Hasnat Ripon', 'Nishat Priom', 'Shahriar Shajib', 'Sumit Sen Gupta']",9
struct::1080bcf1-7fce-4d25-b3a6-b778b0f17f10,Biwi Ho To Aisi (Hindi) Season 1,series,Comedy,2020s,"['deception_disguise', 'domestic_conflict', 'family_secrets']","['comedic', 'dramatic']","['foul language', 'violence']",['Debaloy Bhattacharya'],"['Ankita Chakraborty', 'Gourab Chatterjee', 'Rajdeep Gupta', 'Saayoni Ghosh', 'Saurav Das']",1
struct::124eca93-3c2f-4d02-8b3d-292187456f6c,Aparna: Ek Kahaani (Hindi) Season 1,series,Social Drama,2020s,"['betrayal', 'extramarital_affair', 'family_conflict', 'family_secrets', 'harassment_accusation', 'legal_case_trial', 'social_injustice']","['dramatic', 'emotional', 'intense', 'mysterious', 'tense']","['alcohol', 'child abuse', 'foul language', 'mature themes', 'sexual violence', 'smoking', 'substance use', 'suicide']",['Aditi Roy'],"['Angana Roy', 'Anindya Chatterjee', 'Lokenath Dey', 'Nabanita Malakar', 'Rahul Dev Bose', 'Rooqma Ray', 'Sandipta Sen', 'Shoumo Banerjee']",6
struct::14431c0e-204c-4123-b218-dc5d401a8859,Ashubh Vivaah (Hindi) Season 2,series,Drama,2020s,"['betrayal', 'cover_up', 'curse_ritual', 'deception_disguise', 'family_secrets', 'life_threat', 'murder_mystery', 'survival']","['dark', 'dramatic', 'mysterious', 'ominous', 'suspenseful', 'tense']","['alcohol', 'foul language', 'gore', 'nudity', 'sexual abuse', 'smoking', 'suicide', 'violence']",['Ayan Chakraborti'],"['Anujoy Chattopadhyay', 'Indrasish Roy', 'Soumitrisha Kundoo']",7
struct::16bab5b6-0ba3-42f8-b47e-5dcc4197a87d,Adalat O Ekti Meye,series,Drama,2020s,"['betrayal', 'crime_investigation', 'harassment_accusation', 'legal_case_trial', 'social_injustice']","['dark', 'dramatic', 'mysterious', 'suspenseful', 'tense']","['alcohol', 'foul language', 'mature themes', 'sexual abuse', 'smoking']",['Kamaleswar Mukherjee'],"['Basabdatta Chatterjee', 'Koushani Mukherjee', 'Shoumo Banerjee']",7
struct::22307bc3-eadc-4d91-9925-0b8be10d1093,Kuheli Season 1,series,Murder Mystery,2020s,"['betrayal', 'cover_up', 'crime_investigation', 'deception_disguise', 'family_secrets', 'manipulation', 'murder_mystery']","['dark', 'dramatic', 'mysterious', 'suspenseful', 'tense']","['alcohol', 'foul language', 'suicide', 'violence']",['Aditi Roy'],"['Angana Roy', 'Priyanka Sarkar', 'Riddhima Ghosh', 'Ridhima Ghosh']",7
struct::24d3d365-4672-4a1c-ae8a-0e53db650fce,Dugdugi Season 1,series,Comedy Drama,2020s,"['comedy_of_errors', 'deception_disguise', 'domestic_conflict', 'extramarital_affair', 'missing_person', 'mistaken_identity']","['bittersweet', 'chaotic', 'comedic', 'mysterious', 'tense']","['alcohol', 'foul language', 'mature themes', 'smoking']",['Joydeep Mukherjee'],"['Anirban Chakrabarti', 'Biswanath Basu', 'Loknath Dey', 'Rayati Bhattacharya']",6
struct::28678218-6054-49ae-b848-acd67c52530d,Shakha Proshakha Season 1,series,Drama,2020s,"['betrayal', 'comedy_of_errors', 'cover_up', 'crime_investigation', 'deception_disguise', 'domestic_conflict', 'family_conflict', 'family_rivalry', 'family_secrets', 'harassment_accusation', 'legal_case_trial', 'life_threat', 'manipulation', 'murder_mystery', 'paternity_question', 'scam_con']","['chaotic', 'dramatic', 'emotional', 'suspenseful', 'tense']","['alcohol', 'foul language', 'mature themes', 'sexual abuse', 'smoking', 'suicide', 'violence']",['Soumen Halder'],"['Anumegha Kahali', 'Pratik Dutta', 'Ritabhari Chakraborty']",24
struct::28a7f3c2-47c7-4b1a-950b-99b872306d1c,Montu Pilot Season 3,series,Drama Thriller,2020s,"['betrayal', 'deception_disguise', 'family_conflict', 'forbidden_love', 'fugitive_manhunt', 'kidnapping', 'life_threat', 'manipulation', 'mistaken_identity', 'survival']","['dark', 'dramatic', 'emotional', 'intense', 'mysterious', 'tense', 'tragic']","['alcohol', 'foul language', 'sexual content', 'smoking', 'violence']","['Debaloy Bhattacharya', 'Qaushiq Mukherjee']","['Saurav Das', 'Solanki Roy']",7
struct::32309c09-0706-4dfa-a384-3954a6fc7035,Karma is a Killer (Hindi),series,Drama,2020s,"['betrayal', 'cover_up', 'crime_investigation', 'deception_disguise', 'family_secrets', 'life_threat', 'manipulation', 'murder_mystery', 'unlikely_friendship']","['chaotic', 'comedic', 'dark', 'dramatic', 'mysterious', 'ominous', 'suspenseful', 'tense']","['alcohol', 'domestic violence', 'foul language', 'smoking', 'violence']",['Pratim D Gupta'],"['Ritabhari Chakraborty', 'Ritwick Chakraborty', 'Sohini Sarkar']",7
struct::37b1adcf-d9d7-4a96-a4c9-2eab5dd48f4d,Table for Everyone,series,Reality TV,2020s,"['ensemble_multiple_storylines', 'self_discovery']","['heartwarming', 'uplifting']",['appropriate for age 7 and above'],['Samrat Sharma'],['Parambrata Chattopadhyay'],3
struct::3b32b889-175f-44a9-8935-77efe651b8bd,Kaalratri Season 2,series,Drama,2020s,"['betrayal', 'cover_up', 'crime_investigation', 'deception_disguise', 'family_secrets', 'life_threat', 'murder_mystery']","['dark', 'dramatic', 'mysterious', 'ominous', 'suspenseful', 'tense']","['alcohol', 'foul language', 'gore', 'nudity', 'sexual abuse', 'smoking', 'suicide', 'violence']",['Ayan Chakraborti'],"['Anujoy Chattopadhyay', 'Indrasish Roy', 'Soumitrisha Kundoo']",7
struct::3f98e2d2-697a-4da5-97e2-e3113ec46a7c,Paranoia (Hindi) Season 1,series,Thriller,2020s,"['comedy_of_errors', 'deception_disguise', 'life_threat', 'mistaken_identity', 'survival']","['comedic', 'dark', 'eerie', 'mysterious', 'suspenseful', 'tense']","['foul language', 'frightening scenes', 'mature themes', 'violence']","['Annapurna Basu', 'Sourav Chakraborty', 'Tathagata Ghosh']","['Anindya Sain', 'Ankita Roy', 'Atmadeep Ghosh', 'Dipak Haldar', 'Raja Chakraborty', 'Rayati Bhattacharya', 'Saayoni Ghosh', 'Satyam Bhattacharya']",4
struct::42c19725-9d73-4bb8-8fd6-d6ef6228958c,Sampurna Season 2,series,Social Drama,2020s,"['family_conflict', 'family_secrets', 'legal_case_trial']","['dramatic', 'emotional']","['child abuse', 'foul language']",['Sayantan Ghosal'],"['Bhaswar Chatterjee', 'Kaushik Sen', 'Manasi Sinha', 'Prantik Banerjee', 'Rajnandini Paul', 'Sohini Sarkar']",1
struct::479b65aa-7926-4c05-8284-27bae9addb04,Adalat: Insaaf Ki Jung (Hindi) Season 1,series,Drama,2020s,"['cover_up', 'crime_investigation', 'harassment_accusation', 'legal_case_trial', 'social_injustice']","['dark', 'dramatic', 'empowering', 'mysterious', 'suspenseful', 'tense']","['alcohol', 'foul language', 'mature themes', 'sexual abuse', 'smoking']",['Kamaleswar Mukherjee'],"['Basabdatta Chatterjee', 'Koushani Mukherjee', 'Shoumo Banerjee']",7
struct::4dd79cf6-78d3-4cf6-8755-9354b00a25e2,Shohrat: A Fan Investigates (Hindi) Season 1,series,Mystery Drama,2020s,"['betrayal', 'cover_up', 'crime_investigation', 'deception_disguise', 'extramarital_affair', 'family_conflict', 'family_secrets', 'missing_person', 'murder_mystery']","['dark', 'dramatic', 'mysterious', 'suspenseful', 'tense']","['alcohol', 'content restricted to adults', 'foul language', 'mature themes', 'smoking', 'substance use', 'suicide', 'violence']","['Taneem Rahman Angshu', 'Tauquir Ahmed']","['Abu Hurayra Tanvir', 'Gazi Rakayet', 'Shahnaz Sumi', 'Tama Mirza', 'Tania Ahmed', 'Tariq Anam Khan', 'Yash Rohan', 'Ziaul Faruq Apurba']",8
struct::52747f48-1359-44cb-a987-8669fd6cdc55,Kaiser (Hindi) Season 1,series,Thriller,2020s,"['crime_investigation', 'life_threat', 'murder_mystery']","['suspenseful', 'tense']","['foul language', 'substance use', 'suicide', 'violence']",['Tanim Noor'],"['Afran Nisho', 'Imtiaz Barshon', 'Mostafizur Noor Imran', 'Reekita Nondine Shimu', 'Shatabdi Wadud', 'Sumon Anowar']",1
struct::572820d6-ca6b-43bb-bfff-73f9992231d8,Roktofolok Season 1,series,Horror,2020s,"['curse_ritual', 'deception_disguise', 'family_secrets', 'final_battle', 'life_threat', 'supernatural_threat']","['dark', 'eerie', 'intense', 'ominous', 'suspenseful', 'tense']","['alcohol', 'foul language', 'frightening scene', 'gore', 'mature themes', 'nudity', 'smoking', 'substance abuse', 'suicide', 'violence']",[],"['Arjun Chakrabarty', 'Mohana Maiti', 'Parambrata Chattopadhyay', 'Saswata Chatterjee']",6
struct::5897931c-b645-4d46-836f-05f521543f7b,Feludar Goyendagiri Season 3,series,Detective,2020s,"['crime_investigation', 'family_secrets', 'life_threat', 'murder_mystery']","['intense', 'mysterious', 'suspenseful', 'tense']","['smoking', 'violence']",['Kamaleswar Mukherjee'],"['Anirban Chakrabarti', 'Kalpan Mitra', 'Tota Roy Choudhury']",7
struct::663d8265-4d7d-47c7-9246-1605a57226a1,Shraap (Hindi) Season 1,series,Horror,2020s,"['curse_ritual', 'deception_disguise', 'family_secrets', 'final_battle', 'life_threat', 'supernatural_threat']","['dark', 'eerie', 'intense', 'ominous', 'suspenseful', 'tense']","['alcohol', 'foul language', 'frightening scene', 'gore', 'mature themes', 'nudity', 'smoking', 'substance abuse', 'violence']",[],"['Arjun Chakrabarty', 'Mohana Maiti', 'Parambrata Chattopadhyay', 'Saswata Chatterjee']",6
struct::667db0c3-8e08-49a8-b7a4-ecf358f9531d,Atonko Season 1,series,Social Drama,2020s,"['betrayal', 'cover_up', 'deception_disguise', 'domestic_conflict', 'family_conflict', 'family_secrets', 'harassment_accusation', 'in_law_tension', 'legal_case_trial', 'manipulation']","['dark', 'dramatic', 'emotional', 'mysterious', 'ominous', 'suspenseful', 'tense', 'tragic']","['domestic violence', 'foul language', 'mature themes', 'rape', 'self-harm', 'sexual abuse', 'smoking', 'substance abuse', 'violence']",['Suman Das'],"['Abhishek Bose', 'Soumitrisha Kundoo', 'Subrat Dutta']",18
struct::67475b49-dd4e-46d3-9c4d-53d638519214,Office Days Season 1,series,Drama,2020s,"['comedy_of_errors', 'ensemble_multiple_storylines', 'self_discovery']","['comedic', 'dramatic', 'tense']",['suitable for all ages'],['Samrat Sharma'],"['Aryann Bhowmik', 'Dibyasha Das', 'Prantika Das', 'Rwitobroto Mukherjee']",4
struct::6fb5ec73-572d-4b57-80c8-99e1b825cb70,Headline Season 1,series,Suspense,2020s,"['betrayal', 'cover_up', 'crime_investigation', 'deception_disguise', 'espionage_undercover', 'kidnapping', 'life_threat', 'missing_person', 'survival']","['intense', 'mysterious', 'ominous', 'suspenseful', 'tense']","['alcohol', 'foul language', 'mature themes']",['Saleh Sobhan Auneem'],"['Yash Rohan', 'Ziaul Faruq Apurba']",8
struct::72e15036-ea0d-4e16-86a7-ad2d3b8499e1,Goalmaal (Hindi) Season 1,series,Comedy,2020s,"['comedy_of_errors', 'family_conflict']","['chaotic', 'comedic']","['foul language', 'sexual content', 'substance use']",['Mainak Bhaumik'],"['Amartya Ray', 'Anirban Chakrabarti', 'Susmita Chatterjee']",1
struct::75c9d0b7-05b8-4978-b0da-c341c7499f2a,Sunrise Bhojonbilashi Season 2,series,Reality TV,2020s,"['gender_empowerment', 'midlife_crisis', 'self_discovery', 'unlikely_friendship']","['emotional', 'heartwarming', 'uplifting']",['suitable for all ages'],"['Anjan Dutt', 'Sayantan Dhara']","['Mir Afsar Ali', 'Parno Mittra', 'Sreenanda Shankar', 'Swastika Mukherjee']",5
struct::7f821bd8-736d-4039-af79-ab2456b5d524,Gopon Holeo Parto Season 1,series,Romance,2020s,"['comedy_of_errors', 'deception_disguise', 'love_triangle']","['comedic', 'dramatic', 'heartwarming']",['suitable for all ages'],['Sayantan Dhara'],"['Angana Roy', 'Rishav Basu']",2
struct::804fc8c7-5162-4880-b508-bb3fedf431b2,Bodh Season 1,series,Drama,2020s,"['betrayal', 'cover_up', 'crime_investigation', 'deception_disguise', 'fugitive_manhunt', 'missing_person', 'murder_mystery', 'political_unrest']","['mysterious', 'suspenseful', 'tense']","['alcohol', 'foul language', 'smoking', 'substance use', 'violence']",['Amitabh Reza Chowdhury'],"['Afzal Hossain', 'Khairul Basar', 'Orchita Sporshia', 'Rawnak Hasan', 'Runa Khan', 'Sarah Alam', 'Shahjahan Shamrat']",8
struct::80ef1406-84f7-47b8-a660-f9fa58af72b1,Meyebela Season 1,series,Drama,2020s,"['domestic_conflict', 'reconciliation', 'unlikely_friendship']","['bittersweet', 'chaotic', 'dramatic', 'emotional']",['suitable for all ages'],['Ayan Chakraborti'],"['Aishwarya Sen', 'Dibyasha Das', 'Surangana Bandopadhyay', 'Swikriti Majumdar']",4
struct::8601cf75-011c-49dc-ae32-2d89177299b5,Talaash (Hindi) Season 1,series,Thriller,2020s,"['betrayal', 'cover_up', 'crime_investigation', 'family_secrets', 'fugitive_manhunt', 'life_threat', 'missing_person', 'murder_mystery', 'unlikely_friendship']","['dark', 'dramatic', 'emotional', 'mysterious', 'ominous', 'suspenseful', 'tense']","['alcohol', 'foul language', 'mature themes', 'smoking', 'violence']",['Aditi Roy'],"['Sagnik', 'Shaheb Chattopadhyay', 'Subhashree Ganguly']",7
struct::9ac0e1eb-1800-42c9-8cbd-6c52fb07d70f,Kumudini Bhavan Season 1,series,Mystery Drama,2020s,"['crime_investigation', 'life_threat', 'murder_mystery']","['dark', 'dramatic', 'mysterious', 'suspenseful', 'tense']","['foul language', 'mature themes', 'smoking', 'substance use', 'suicide', 'violence']",['Arkadeep Mallika Nath'],"['Ambarish Bhattacharya', 'Anashua Majumdar', 'Arunima Haldar', 'Rishav Basu', 'Ushasi Ray']",7
struct::9ac7cc29-f787-4a10-8c3c-61c471e9fe36,Raaz (Hindi) Season 1,series,Murder Mystery,2020s,"['betrayal', 'cover_up', 'crime_investigation', 'family_secrets', 'life_threat', 'murder_mystery']","['dark', 'dramatic', 'mysterious', 'suspenseful', 'tense']","['alcohol', 'foul language', 'smoking', 'suicide', 'violence']",['Aditi Roy'],"['Angana Roy', 'Priyanka Sarkar', 'Ridhima Ghosh', 'Susmita Dey']",7
struct::a0407d81-ac75-40f7-9b6e-7b3bbcd94900,Raat ka Raag (Hindi) Season 1,series,Horror,2020s,"['cover_up', 'curse_ritual', 'family_secrets', 'ghost_haunting', 'life_threat', 'supernatural_threat', 'survival']","['bittersweet', 'dark', 'dramatic', 'eerie', 'intense', 'mysterious', 'ominous', 'tense']","['mature themes', 'sexual abuse', 'violence']",['Joydeep Mukherjee'],"['Satyam Bhattacharya', 'Sreeja Dutta', 'Surangana Bandopadhyay']",6
struct::a399334e-3750-4f57-ab6d-4ff7a14eec07,Mandaar (Hindi) Season 1,series,Drama,2020s,"['betrayal', 'curse_ritual', 'family_conflict', 'family_rivalry', 'final_battle', 'manipulation']","['dark', 'intense', 'ominous', 'tense', 'tragic']","['foul language', 'sexual content', 'sexual violence', 'substance use', 'suicide', 'violence']",[],"['Anirban Bhattacharya', 'Debasish Mondal', 'Debesh Roy Choudhuri', 'Sohini Sarkar']",4
struct::a54a3231-1c42-41b0-b1d0-333bd75b859e,Bhootiyapa (Hindi) Season 1,series,Horror Comedy,2020s,"['comedy_of_errors', 'deception_disguise', 'forbidden_love', 'ghost_haunting']","['chaotic', 'comedic', 'eerie']","['alcohol', 'foul language', 'smoking', 'violence']",[],"['Avery Singha Roy', 'Dipanwita Sarkar', 'Kaushik Hafizee']",5
struct::a5abc0c0-ea6c-4350-b369-ca735740ffce,Apne Paraye (Hindi) Season 1,series,Drama,2020s,"['betrayal', 'comedy_of_errors', 'crime_investigation', 'deception_disguise', 'domestic_conflict', 'family_conflict', 'family_secrets', 'harassment_accusation', 'in_law_tension', 'legal_case_trial', 'life_threat', 'love_triangle', 'manipulation', 'murder_mystery', 'paternity_question', 'scam_con']","['dramatic', 'emotional', 'suspenseful', 'tense']","['alcohol', 'foul language', 'mature themes', 'sexual abuse', 'smoking', 'suicide', 'violence']",['Soumen Halder'],"['Anumegha Kahali', 'Pratik Dutta', 'Ritabhari Chakraborty']",24
struct::a61108cb-49ed-4e1d-9788-c35faa85753f,Queens (Hindi) Season 1,series,Drama,2020s,"['betrayal', 'family_rivalry', 'kidnapping', 'life_threat', 'missing_person', 'survival']","['dramatic', 'intense', 'suspenseful', 'tense', 'tragic']","['alcohol', 'foul language', 'smoking', 'violence']",['Nirjhar Mitra'],"['Baishakhi Marjit', 'Mimi Chakraborty', 'Payel De']",7
struct::a650432a-336d-4db5-95f2-1ac7a86d4e95,Anjaan Saaye (Hindi) Season 2,series,Horror,2020s,"['cover_up', 'curse_ritual', 'deception_disguise', 'final_battle', 'ghost_haunting', 'kidnapping', 'life_threat', 'supernatural_threat']","['dark', 'eerie', 'intense', 'ominous', 'tense']","['alcohol', 'foul language', 'frightening scene', 'mature themes', 'sexual abuse', 'smoking', 'suicide', 'violence']",['Sayantan Ghosal'],"['Chiranjeet Chakrabarti', 'Gaurav Chakrabarty', 'Kanchan Mullick']",6
struct::b4050a70-0699-4927-af88-648c7c22d1e8,Bhalobashar Bari Season 2,series,Romantic Comedy,2020s,"['comedy_of_errors', 'deception_disguise', 'family_conflict', 'reconciliation', 'self_discovery']","['comedic', 'dramatic', 'emotional', 'heartwarming', 'uplifting']",['suitable for all ages'],['Aritra Sen'],"['Angana Roy', 'Soumya Mukherjee']",4
struct::b798b11e-0af0-431a-87cd-c9f184047ab3,Postmaster (Hindi) Season 1,series,Comedy Drama,2020s,"['family_secrets', 'forbidden_love', 'ghost_haunting', 'missing_person', 'self_discovery', 'unlikely_friendship']","['bittersweet', 'comedic', 'eerie', 'emotional', 'heartwarming', 'mysterious']",['appropriate for age 7 and above'],['Abhrajit Sen'],"['Ditipriya Roy', 'Kanchan Mullick', 'Suhotra Mukhopadhyay']",6
struct::bf55775c-c501-47f2-8dd9-8ade8e1e1001,Thakumar Jhuli Season 1,series,Mystery Drama,2020s,"['crime_investigation', 'deception_disguise', 'family_conflict', 'life_threat', 'missing_person', 'murder_mystery']","['dark', 'mysterious', 'suspenseful', 'tense']","['foul language', 'smoking', 'substance abuse', 'violence']",['Ayan Chakraborti'],"['Debraj Bhattacharya', 'Divyani Mondal', 'Rahul Arunoday Banerjee', 'Srabanti Chatterjee']",8
struct::c3bacc56-0a45-4a93-ba2e-f9ef57750c76,Khoj: A Mission (Hindi) Season 1,series,Thriller,2020s,"['betrayal', 'crime_investigation', 'espionage_undercover', 'fugitive_manhunt', 'life_threat', 'missing_person', 'terrorism']","['intense', 'ominous', 'suspenseful', 'tense']","['foul language', 'mature themes', 'smoking', 'violence']","['Faisal Ahmed', 'Sunny Sanwar']","['AK Azad Shetu', 'Bidya Sinha Saha Mim', 'FS Nayeem', 'Hasnat Ripon', 'Nishat Priom', 'Shahriar Shajib', 'Sumit Sen Gupta']",10
struct::c4dd7e1e-052f-4322-b2c5-2b1d2f400005,Queens Season 1,series,Revenge Thriller,2020s,"['betrayal', 'family_rivalry', 'kidnapping', 'life_threat', 'missing_person']","['dark', 'dramatic', 'intense', 'suspenseful', 'tense', 'tragic']","['alcohol', 'foul language', 'smoking', 'suicide', 'violence']","['Joydeep Mukherjee', 'Nirjhar Mitra']","['Baishakhi Marjit', 'Mimi Chakraborty', 'Payel De']",7
struct::c645e3d3-69a0-4040-8ed7-78ed30ddc17b,Hostel Days (Hindi) Season 1,series,Comedy,2020s,"['betrayal', 'comedy_of_errors', 'ensemble_multiple_storylines', 'family_secrets', 'missing_person', 'reconciliation', 'self_discovery', 'unlikely_friendship']","['bittersweet', 'chaotic', 'comedic', 'dramatic', 'heartwarming', 'mysterious']","['alcohol', 'foul language', 'smoking', 'substance use', 'suicide', 'violence']","['Satyaki Kundu', 'Souvik Mondal']","['Anindya Sengupta', 'Arpan Ghoshal', 'Kanchan Mullick', 'Pushan Dasgupta', 'Rahul Barui', 'Rohaan Bhattacharjee', 'Roshni Bhattacharyya', 'Subha Chattopadhyay']",6
struct::c7b0f06e-b036-4a46-9a46-d81df8c01db2,Jasoos-ni (Hindi) Season 1,series,Mystery,2020s,"['crime_investigation', 'deception_disguise', 'family_secrets', 'life_threat', 'missing_person', 'murder_mystery']","['mysterious', 'suspenseful', 'tense']","['foul language', 'smoking', 'substance abuse', 'violence']",['Ayan Chakraborti'],"['Divyani Mondal', 'Rahul Arunoday Banerjee', 'Srabanti Chatterjee']",8
struct::ca6e0fc6-f4b9-4a74-a63b-045c35d45d1d,Eken Babu Season 9,series,Detective Comedy,2020s,"['comedy_of_errors', 'crime_investigation', 'deception_disguise', 'heist', 'life_threat', 'missing_person', 'murder_mystery']","['chaotic', 'comedic', 'mysterious', 'suspenseful']","['smoking', 'violence']",['Joydeep Mukherjee'],"['Anirban Chakrabarti', 'Somak Ghosh', 'Suhotra Mukhopadhyay']",7
struct::cece996f-72db-457c-98ed-c7d7cff7a531,Monty Pilot (Hindi) Season 3,series,Drama Thriller,2020s,"['deception_disguise', 'family_conflict', 'family_secrets', 'forbidden_love', 'fugitive_manhunt', 'kidnapping', 'life_threat', 'mistaken_identity', 'survival']","['dramatic', 'emotional', 'intense', 'mysterious', 'suspenseful', 'tense']","['alcohol', 'foul language', 'sexual content', 'smoking', 'violence']","['Debaloy Bhattacharya', 'Qaushiq Mukherjee']","['Saurav Das', 'Solanki Roy']",7
struct::d49bc639-7db6-4ecd-99c7-b4434d5908e9,Dhaka Metro (Hindi) Season 1,series,Drama,2020s,"['self_discovery', 'unlikely_friendship']","['bittersweet', 'heartwarming']","['foul language', 'violence']",['Amitabh Reza Chowdhury'],"['Aupee Karim', 'Mostafa Monwar', 'Neville Ferdous Hasan', 'Shariful Islam', 'Sharmin Zoha Shosheen']",1
struct::dd93233b-0d4d-4d7a-b8bb-d0dc8c542245,Sharey Showlo Season 1,series,Mystery Drama,2020s,"['betrayal', 'cover_up', 'deception_disguise', 'extramarital_affair', 'legal_case_trial', 'murder_mystery']","['dark', 'suspenseful', 'tense', 'tragic']","['alcohol', 'foul language', 'gore', 'mature themes', 'rape', 'sexual content', 'smoking', 'suicide', 'violence']",['Yasir Al Haq'],"['Afia Tabassum Borno', 'Afran Nisho', 'Imtiaz Barshon', 'Intekhab Dinar', 'Irfan Rony', 'Q Nawshaba Ahmed', 'Shahed Ali', 'Zakia Bari Mamo']",6
struct::ddb0caa2-016a-4465-a35a-32df64524d26,Rajneeti (Hindi) Season 1,series,Political Thriller,2020s,"['betrayal', 'cover_up', 'crime_investigation', 'deception_disguise', 'family_conflict', 'family_secrets', 'manipulation', 'mistaken_identity', 'political_unrest']","['dramatic', 'intense', 'mysterious', 'suspenseful', 'tense', 'tragic']","['alcohol', 'domestic violence', 'foul language', 'smoking', 'substance use', 'violence']",['Sourav Chakraborty'],"['Aniruddha Gupta', 'Arjun Chakrabarty', 'Ditipriya Roy', 'Kaushik Ganguly', 'Koneenica Banerjee']",7
struct::de3c09bd-e2a0-4483-8f77-77029115ed96,Damroo (Hindi) Season 1,series,Comedy Drama,2020s,"['comedy_of_errors', 'deception_disguise', 'domestic_conflict', 'extramarital_affair', 'missing_person', 'mistaken_identity']","['comedic', 'dramatic', 'mysterious', 'suspenseful', 'tense']","['alcohol', 'foul language', 'mature themes', 'smoking']",['Joydeep Mukherjee'],"['Anirban Chakrabarti', 'Biswanath Basu', 'Loknath Dey', 'Rayati Bhattacharya']",6
struct::f0a90e07-7321-46d7-95a1-ee5e86bf97de,Mismatch (Hindi) Season 3,series,Comedy,2020s,"['comedy_of_errors', 'domestic_conflict']","['chaotic', 'comedic']","['foul language', 'sexual content']",['Soumik Chattopadhaya'],"['Abhishek Singh', 'Anirban Bhattacharya', 'Kanchan Mullick', 'Paayel Sarkar', 'Priyanka Rati Pal', 'Rachel White', 'Rajdeep Gupta']",1
struct::f52dafc1-6a9a-4605-a662-f158c7d819a2,Nikosh Chhaya Season 2,series,Horror,2020s,"['curse_ritual', 'family_secrets', 'final_battle', 'ghost_haunting', 'kidnapping', 'life_threat', 'supernatural_threat']","['dark', 'eerie', 'intense', 'tense']","['alcohol', 'foul language', 'frightening scene', 'mature themes', 'sexual abuse', 'smoking', 'suicide', 'violence']",['Sayantan Ghosal'],"['Anindita Bose', 'Chiranjeet Chakrabarti', 'Gaurav Chakrabarty', 'Gaurav Chakraborty', 'Gourab Chakrabarty', 'Kanchan Mullick']",6
struct::f93c5116-3f0b-44dc-bef4-811ed4e4ea76,Nikhoj Season 1,series,Thriller,2020s,"['crime_investigation', 'extramarital_affair', 'life_threat', 'missing_person']","['dramatic', 'mysterious', 'suspenseful', 'tense', 'tragic']","['alcohol', 'foul language', 'smoking', 'substance abuse', 'suicide', 'suitable for persons aged 13 and above and under parental guidance for people under age of 13', 'violence']",['Ayan Chakraborti'],"['Koneenica Banerjee', 'Paran Bandopadhyay', 'Saoli Chattopadhyay', 'Somashri Bhattacharya', 'Swastika Mukherjee', 'Tota Roy Choudhury']",6
